,modified_label,likeNum,commentNum,contentsNum,totalVisits,totalNeighbor,img_count,hashtag_counts,text_sentence_counts,title_length,title_word_counts,text_length,text_word_counts,average_visits
0,0,21,3,1540,1266977,3680,14,9,45,40,9,3356,787,822.7123376623376
1,0,20,9,845,1415301,3199,18,8,127,28,6,1987,448,1674.912426035503
2,0,12,4,972,765463,2325,16,16,75,32,7,956,202,787.5133744855967
3,0,31,2,1250,1212441,3767,15,8,40,19,4,1020,246,969.9528
4,0,6,4,77,82712,159,14,12,74,44,9,1458,297,1074.1818181818182
5,0,90,84,490,1246742,1972,20,5,144,32,8,2749,615,2544.3714285714286
6,0,50,11,1416,5413958,6935,26,17,143,24,7,2925,717,3823.4166666666665
7,1,32,18,782,969068,889,30,15,161,33,5,2816,570,1239.2173913043478
8,0,77,46,5944,23715254,11996,35,7,197,31,7,2587,590,3989.7802826379543
9,0,39,71,2160,2442822,1931,40,11,98,28,7,2961,644,1130.9361111111111
10,0,66,18,870,6424121,6384,22,4,93,34,9,1918,412,7384.047126436782
11,0,7,3,2085,1574047,1246,27,30,112,38,8,2548,598,754.9386091127099
12,0,14,4,1068,3295645,2234,27,10,121,21,6,2321,512,3085.809925093633
13,0,14,1,132,127804,571,12,9,86,30,8,1407,329,968.2121212121212
14,0,17,8,1456,3737910,1709,20,7,52,33,5,1131,236,2567.245879120879
15,0,243,251,241,1025533,5439,19,10,140,41,10,3089,702,4255.323651452282
16,0,73,41,241,1133642,3991,20,10,78,35,9,2162,459,4703.908713692946
17,0,22,3,1415,5413909,6935,31,9,145,20,6,2666,632,3826.0840989399294
18,0,38,17,941,3496666,4460,21,12,78,40,6,1380,293,3715.90435706695
19,0,1,1,15482,7013648,4331,27,21,79,19,5,949,195,453.01950652370493
20,0,12,16,1777,5553368,2259,27,8,79,24,5,1563,372,3125.1367473269556
21,0,36,11,1036,1396171,3953,11,10,41,27,6,906,196,1347.6554054054054
22,0,57,60,321,442868,2551,5,21,22,21,3,1011,207,1379.651090342679
23,0,12,8,795,1306901,1384,24,11,20,25,6,531,127,1643.9006289308177
24,0,36,11,585,969793,2503,14,3,65,25,5,1081,259,1657.765811965812
25,0,7,3,305,866025,450,16,8,71,29,6,1124,239,2839.4262295081967
26,0,23,16,549,1152593,1346,13,5,85,37,9,1515,377,2099.440801457195
27,0,12,10,1492,1039694,1396,14,9,51,36,5,652,144,696.8458445040214
28,0,74,83,495,1365138,3763,22,12,74,48,9,2158,434,2757.8545454545456
29,0,10,4,840,1721783,1656,18,14,89,53,11,1299,280,2049.741666666667
30,0,10,4,1760,2827049,1211,30,10,58,33,7,2096,496,1606.2778409090909
31,1,6,3,892,1186932,948,34,6,118,31,8,2148,505,1330.6412556053813
32,0,22,4,892,1778542,1801,19,6,97,27,5,1560,340,1993.8811659192825
33,0,9,2,167,670030,394,20,7,51,27,7,773,171,4012.1556886227545
34,1,11,1,2190,5772732,3188,22,8,45,30,9,1350,310,2635.9506849315067
35,0,9,2,782,2781618,1222,15,9,126,35,9,2111,473,3557.0562659846546
36,0,20,16,54,98113,256,20,7,59,21,5,994,256,1816.9074074074072
37,0,6,4,452,941562,454,24,8,48,18,6,1000,238,2083.101769911505
38,0,59,81,597,943921,2730,18,30,133,45,12,2913,500,1581.107202680067
39,0,12,16,161,560172,3080,17,7,47,16,1,939,205,3479.3291925465837
40,0,9,3,2600,3181091,1943,29,9,49,26,7,1357,297,1223.4965384615384
41,0,36,27,386,1681510,2290,32,8,107,29,8,2136,513,4356.243523316062
42,0,25,8,2240,8798098,7424,18,8,32,24,6,1616,322,3927.7223214285714
43,0,221,63,594,1804028,11975,21,5,46,27,7,1184,259,3037.084175084175
44,0,10,8,606,2165676,3697,33,4,65,33,8,1871,440,3573.7227722772277
45,0,16,1,470,1429799,1292,16,14,59,34,10,1095,265,3042.1255319148936
46,0,19,8,2589,12839939,741,36,13,102,31,8,2117,503,4959.420239474701
47,0,23,7,477,1598383,3850,30,18,40,19,5,2096,472,3350.907756813417
48,0,10,9,325,502556,435,18,21,27,40,5,2224,535,1546.3261538461538
49,0,16,2,1269,2651103,3461,37,7,108,31,7,2141,547,2089.127659574468
50,0,26,10,1971,10414237,9969,22,8,113,23,6,2754,651,5283.732623033993
51,0,18,19,4225,1818310,865,52,4,152,21,5,2753,637,430.3692307692308
52,0,8,5,1211,882454,2349,10,10,76,26,7,1340,328,728.6985962014863
53,0,10,2,1484,2944972,889,12,6,46,26,7,776,184,1984.482479784367
54,0,10,1,582,694488,437,19,4,70,32,8,1243,296,1193.278350515464
55,0,8,6,1428,233135,417,8,14,75,24,4,1280,259,163.25980392156862
56,0,7,0,871,534107,1074,8,6,44,26,7,734,169,613.211251435132
57,0,13,4,425,406593,370,39,9,50,37,11,1767,432,956.689411764706
58,0,33,6,2419,5810089,8507,11,6,28,30,7,1149,245,2401.8557255064075
59,0,12,4,885,1564595,1013,20,4,38,31,8,683,160,1767.90395480226
60,0,55,41,1005,1679862,5089,15,27,123,29,6,1522,302,1671.5044776119405
61,0,24,23,2780,2121707,6089,29,9,51,33,9,1683,374,763.2039568345324
62,0,17,3,437,553716,1590,25,5,117,24,6,1922,477,1267.0846681922196
63,0,36,22,1114,1481455,1828,33,7,130,45,11,2718,627,1329.8518850987432
64,0,12,11,639,1800196,1539,38,16,132,36,8,1987,440,2817.20813771518
65,0,8,7,490,1255210,1035,31,9,117,27,5,2068,439,2561.6530612244896
66,0,17,19,1500,4637052,4931,19,6,32,30,8,2439,578,3091.368
67,0,28,15,1926,9363599,6749,34,7,105,35,9,2322,590,4861.681723779855
68,0,14,14,710,952258,962,23,7,46,22,5,3173,760,1341.2084507042252
69,0,31,5,3874,5866309,13537,35,17,154,40,7,1816,398,1514.276974703149
70,0,16,26,587,2889441,5761,20,4,105,31,8,2537,590,4922.3867120954
71,0,18,4,252,1008826,936,28,17,65,39,9,1126,258,4003.277777777778
72,1,42,18,3010,3423643,5824,25,5,106,42,13,2701,626,1137.4229235880398
73,0,4,2,173,550396,293,6,6,46,28,9,1061,233,3181.4797687861274
74,0,325,17,384,957175,4183,22,10,86,35,11,1437,343,2492.6432291666665
75,0,12,3,1774,7383085,7948,17,6,51,32,7,947,223,4161.829199549042
76,0,20,11,161,866509,1610,53,21,76,32,7,2019,469,5382.04347826087
77,0,29,12,103,299462,403,14,10,88,30,9,2401,539,2907.3980582524273
78,0,27,9,305,581302,1764,17,7,169,40,8,2884,677,1905.9081967213117
79,0,40,5,2034,3157065,5891,22,10,56,34,6,2503,548,1552.146017699115
80,0,22,15,1057,4237942,1053,34,6,163,32,9,2696,599,4009.405865657521
81,0,18,4,162,501296,560,22,24,120,49,10,2333,543,3094.41975308642
82,0,11,5,667,1514353,1252,11,6,53,31,7,1056,251,2270.3943028485755
83,0,90,43,1713,692092,2728,51,9,197,19,4,3050,699,404.0233508464682
84,0,20,13,892,799862,2328,20,6,39,28,8,1692,410,896.7062780269058
85,0,73,14,959,9232799,7151,33,2,142,28,7,2183,519,9627.52763295099
86,0,26,11,798,962367,1695,14,6,53,26,7,1184,276,1205.9736842105262
87,0,2,2,632,910267,1369,13,13,38,21,1,503,104,1440.2958860759493
88,0,7,2,175,390506,453,16,8,94,26,6,1508,317,2231.462857142857
89,0,9,3,1100,1524620,3255,32,7,121,39,9,2083,467,1386.0181818181818
90,0,33,9,3063,5409226,2802,21,5,69,21,4,1510,339,1765.9895527260855
91,0,14,14,1314,8865858,3964,15,5,138,26,6,2934,697,6747.228310502283
92,0,10,0,1241,2152001,1593,28,1,24,28,6,1196,275,1734.0862207896855
93,0,25,1,931,3004360,2842,14,6,19,45,13,1092,276,3227.0247046186896
94,0,11,3,1007,2967011,2770,13,4,46,28,4,1063,242,2946.3862959285007
95,0,15,5,1141,9094367,5218,32,5,156,37,11,2949,703,7970.523225241017
96,0,10,3,4023,3193302,1670,12,10,41,39,9,579,136,793.7613721103654
97,0,7,1,403,337135,870,23,4,91,20,1,2141,471,836.5632754342432
98,0,22,14,785,4768036,3161,24,3,78,27,7,3189,769,6073.931210191083
99,0,17,5,1013,1702620,461,40,4,155,29,7,3161,725,1680.7699901283318
100,0,12,1,41,24719,47,21,18,38,12,3,860,195,602.9024390243902
101,0,35,9,967,3596594,3725,20,27,82,35,8,1796,420,3719.331954498449
102,0,33,22,1050,2378177,2761,23,10,94,31,5,2003,466,2264.9304761904764
103,0,48,12,325,2142335,3348,28,10,117,30,7,2554,612,6591.8
104,0,85,12,3175,32182842,21727,33,4,164,17,4,2850,669,10136.328188976378
105,0,5,3,175,390506,453,12,9,72,24,4,1273,237,2231.462857142857
106,0,15,6,420,432882,830,20,20,92,18,1,1019,200,1030.6714285714286
107,0,8,5,352,262841,392,16,5,67,22,6,900,214,746.7073863636364
108,0,30,11,838,2191195,3350,30,12,131,38,10,2209,519,2614.791169451074
109,0,27,5,1707,3476555,8165,20,5,59,35,10,1141,282,2036.6461628588163
110,0,4,2,257,550925,78,19,10,108,25,6,2166,510,2143.6770428015566
111,0,32,31,887,1564602,1013,11,5,52,29,7,835,180,1763.925591882751
112,0,30,14,755,602204,1729,6,5,42,17,4,805,186,797.6211920529802
113,0,9,4,411,1806120,866,26,6,76,19,5,1434,330,4394.4525547445255
114,0,7,5,657,919846,3198,5,9,34,29,1,595,108,1400.0700152207
115,0,11,5,692,1394863,2179,10,4,37,22,4,729,154,2015.6979768786127
116,0,10,12,98,199231,317,15,23,127,31,7,1863,365,2032.969387755102
117,0,27,35,132,468925,568,15,10,62,20,5,998,222,3552.462121212121
118,0,4,2,1054,709728,1517,21,13,42,25,5,1084,223,673.3662239089184
119,0,36,11,581,1811888,3491,21,18,91,47,6,2074,473,3118.567986230637
120,0,70,30,741,1466940,3749,15,18,44,34,7,1903,468,1979.676113360324
121,0,21,14,857,3270725,5327,16,7,121,46,12,2599,623,3816.481913652275
122,0,10,2,41,530015,711,23,11,98,29,5,1761,405,12927.19512195122
123,0,16,9,2638,3604016,4094,13,12,95,18,5,1873,439,1366.1925701288856
124,0,11,14,1696,3987861,1995,21,4,67,35,10,1183,266,2351.333136792453
125,0,49,12,2702,6706309,7639,17,24,75,42,8,1873,405,2481.979644707624
126,0,43,35,1071,1517659,5461,16,9,53,36,9,1363,283,1417.0485527544351
127,0,6,6,266,298518,475,17,10,88,33,8,1590,339,1122.248120300752
128,0,40,4,2914,4523623,8625,19,9,63,27,7,1446,315,1552.375772134523
129,0,27,19,1151,2738849,3732,23,4,51,25,6,1963,422,2379.5386620330146
130,0,13,5,1317,8263933,3780,23,8,91,27,8,1647,390,6274.816249050873
131,0,124,20,928,7627284,26542,52,16,113,41,11,4132,994,8219.056034482759
132,0,8,6,46,105847,75,13,13,32,37,12,611,143,2301.021739130435
133,0,30,23,269,363262,1157,10,12,116,27,8,1888,460,1350.416356877323
134,0,15,16,163,785292,404,17,11,121,24,6,2388,541,4817.742331288344
135,0,7,2,123,801466,531,22,13,51,40,12,885,211,6515.983739837398
136,0,2,1,460,458709,150,12,4,41,37,9,1071,231,997.1934782608696
137,0,12,15,527,2212067,1490,20,13,40,29,7,2204,524,4197.470588235294
138,0,13,4,4844,13036244,4092,16,9,102,30,9,2652,642,2691.2146985962013
139,0,16,19,120,448922,468,14,7,52,31,5,989,216,3741.016666666667
140,0,11,6,1554,3579020,575,16,15,55,40,11,1475,323,2303.101673101673
141,0,10,12,431,1026277,222,14,6,33,18,4,762,165,2381.1531322505803
142,0,3,1,653,956736,498,22,7,41,34,9,432,100,1465.1393568147014
143,0,7,4,792,735103,439,11,8,31,25,4,825,195,928.1603535353536
144,0,4,3,879,1744397,630,13,9,41,25,7,1232,290,1984.5244596131968
145,0,5,4,205,91892,284,31,20,78,51,16,1349,301,448.25365853658536
146,0,31,14,1439,11548132,2722,17,4,71,22,6,1237,280,8025.109103544128
147,0,40,35,1079,1331619,2443,23,4,65,30,4,1012,199,1234.1232622798889
148,0,30,26,1067,1379926,946,23,8,78,44,11,2366,591,1293.2764761012183
149,0,13,6,1337,1864299,711,7,8,39,34,7,948,234,1394.3896783844427
150,0,51,29,1603,13085983,12421,23,9,98,17,4,2512,551,8163.432938240799
151,0,4,1,235,975239,942,9,16,33,22,4,604,135,4149.953191489361
152,0,5,3,1151,1046831,623,7,12,28,23,5,725,150,909.4969591659428
153,0,9,1,3361,6931865,3354,22,2,46,30,8,2363,520,2062.441237726867
154,0,8,6,1587,3238133,1729,19,11,35,37,7,1276,284,2040.411468178954
155,0,7,3,3620,1573129,478,6,13,64,35,7,986,207,434.56602209944754
156,0,21,6,520,2036395,1287,53,19,113,45,6,2874,651,3916.144230769231
157,0,9,6,3116,4557525,4269,19,4,40,21,5,878,179,1462.6203465982028
158,0,11,4,197,297674,1009,15,10,54,34,9,1619,372,1511.035532994924
159,0,59,17,1235,3036554,5738,21,7,86,24,6,1438,372,2458.748178137652
160,0,15,6,437,1735202,1335,24,20,94,40,9,2334,527,3970.713958810069
161,0,31,27,729,967235,1216,10,10,61,29,8,839,197,1326.7969821673526
162,0,29,15,1641,3338073,3960,11,20,79,34,8,1475,315,2034.1700182815357
163,0,24,11,1906,6277486,5204,30,11,155,32,8,2946,667,3293.539349422875
164,0,99,43,1624,1264518,3652,12,10,25,24,6,1953,458,778.6440886699507
165,0,23,10,304,1226495,1444,30,8,126,33,8,2314,515,4034.5230263157896
166,0,12,8,163,785292,404,24,9,136,37,8,2832,659,4817.742331288344
167,0,75,32,209,1507613,1933,24,5,191,24,6,3370,863,7213.459330143541
168,0,40,24,5948,23715340,11996,16,5,113,29,6,1667,401,3987.111634162744
169,0,31,21,544,613861,1763,14,9,74,24,6,1315,299,1128.420955882353
170,0,0,0,511,440223,520,13,3,39,32,8,1096,261,861.4931506849315
171,0,35,29,697,342395,1044,24,2,64,25,6,2295,505,491.2410329985653
172,0,2,6,23,55795,63,12,15,43,35,8,1917,440,2425.8695652173915
173,0,36,15,636,769586,2585,29,7,63,20,5,1437,331,1210.0408805031448
174,0,35,29,1455,5115435,7109,15,3,30,27,6,1861,423,3515.762886597938
175,0,77,29,176,265213,2562,29,15,131,35,9,2596,599,1506.8920454545455
176,0,24,12,4643,23975826,11757,33,12,147,41,10,3487,852,5163.86517337928
177,0,7,14,136,816646,343,32,9,50,26,4,2288,516,6004.75
178,0,107,32,3599,1364900,3388,11,7,116,25,4,1622,362,379.244234509586
179,0,30,30,328,7195771,2118,20,9,76,19,5,2093,471,21938.326219512193
180,0,11,4,203,406658,518,7,7,19,31,8,979,228,2003.2413793103449
181,0,24,57,623,1950238,2047,24,12,95,36,6,1302,273,3130.398073836276
182,0,10,3,263,720492,350,25,13,93,31,6,1712,364,2739.513307984791
183,0,3,0,2470,3334404,1410,27,8,50,30,7,735,152,1349.961133603239
184,0,7,6,263,693726,115,31,7,75,27,6,1041,221,2637.74144486692
185,0,25,6,1271,7162109,4939,27,9,103,29,6,1458,319,5635.018882769473
186,0,10,0,331,825248,1677,13,4,30,34,7,889,192,2493.1963746223564
187,0,27,10,767,1894904,3664,25,11,57,34,7,2529,566,2470.5397653194264
188,0,130,16,746,2456473,6521,31,5,50,35,8,2550,593,3292.8592493297588
189,0,10,7,1090,3022068,3471,21,6,81,35,8,1353,295,2772.5394495412843
190,0,6,5,260,329754,341,12,8,33,11,2,518,106,1268.284615384615
191,0,76,15,3726,16205934,15933,28,5,87,23,6,1770,415,4349.418679549114
192,0,14,1,781,1880097,916,29,11,69,28,5,1537,344,2407.2944942381564
193,0,9,9,1163,1257892,680,13,12,54,37,10,1282,277,1081.5924333619948
194,0,11,5,1514,2951618,1402,8,25,60,30,6,943,221,1949.5495376486128
195,0,36,10,1367,5780097,3825,26,23,96,39,11,2302,579,4228.30797366496
196,0,19,4,576,1211169,1422,20,12,60,24,8,954,225,2102.7239583333335
197,0,15,9,1055,6380393,3531,18,8,53,21,6,1791,433,6047.765876777251
198,0,20,23,695,1136721,1737,20,8,64,31,7,1171,286,1635.569784172662
199,0,41,6,782,1130793,3252,12,8,31,27,8,1970,482,1446.0268542199487
200,0,3,5,250,1120440,579,25,9,68,29,6,1589,368,4481.76
201,0,12,10,27,201831,1129,14,12,42,25,5,1262,278,7475.222222222223
202,0,38,1,4275,12070545,15264,16,10,44,26,6,739,164,2823.519298245614
203,0,9,8,1192,2268619,1534,42,10,86,14,1,1370,288,1903.2038590604027
204,0,23,13,2932,11945705,10369,32,9,61,20,5,2641,582,4074.25136425648
205,0,117,32,1263,1323049,4156,23,4,40,26,7,2450,584,1047.5447347585114
206,0,3,3,1094,1042916,425,51,1,81,9,2,2121,486,953.3053016453382
207,0,8,3,608,1400024,346,25,11,122,48,13,2196,500,2302.6710526315787
208,0,14,3,2017,4761542,3716,27,9,66,23,4,1216,255,2360.705007436787
209,0,0,18,91,111799,89,5,5,28,16,3,820,179,1228.5604395604396
210,0,2,4,6804,6728518,3749,19,11,41,33,10,971,229,988.9062316284538
211,0,42,29,704,4001139,4207,18,7,72,33,10,1191,292,5683.436079545455
212,0,82,81,1295,10024220,2660,20,7,111,18,5,1932,517,7740.710424710424
213,0,3,3,141,315417,283,18,10,49,18,3,1245,303,2237.0
214,0,9,5,474,723038,467,20,19,131,21,3,2306,532,1525.396624472574
215,0,4,0,227,317883,685,20,2,104,36,8,2693,632,1400.36563876652
216,0,183,67,1152,5829713,6052,19,5,99,26,7,2199,516,5060.514756944444
217,0,13,6,168,481927,688,15,23,74,33,7,1587,329,2868.6130952380954
218,0,1,0,254,504475,1062,20,9,142,28,8,3087,723,1986.1220472440943
219,0,15,15,606,1319933,498,15,6,46,25,6,800,161,2178.1072607260726
220,0,12,9,1349,6611365,2621,18,7,103,32,7,1765,441,4900.937731653076
221,0,57,18,2536,4845558,6756,16,4,48,31,8,1434,347,1910.7089905362775
222,0,16,0,982,805882,467,5,14,26,29,6,647,146,820.653767820774
223,1,3,1,643,216211,687,27,2,72,37,9,2266,501,336.253499222395
224,0,13,4,1182,703562,1974,42,3,138,27,7,2431,540,595.2301184433164
225,0,84,108,495,1365132,3763,41,15,85,36,9,2500,516,2757.8424242424244
226,0,147,96,456,1408001,4631,28,8,125,31,8,2490,580,3087.72149122807
227,0,7,8,943,4015364,1781,12,8,29,33,8,1710,420,4258.074231177095
228,0,5,1,1554,3579023,575,18,26,50,44,9,1202,241,2303.1036036036035
229,0,5,2,409,287675,451,19,7,29,28,5,668,137,703.3618581907091
230,0,11,6,2175,13809215,7208,21,2,98,24,5,1518,368,6349.064367816092
231,0,12,5,111,283619,376,16,7,62,25,6,1140,273,2555.126126126126
232,0,11,8,468,1094450,550,38,5,141,27,6,2701,632,2338.568376068376
233,0,8,3,115,1151631,732,24,14,62,30,8,1271,277,10014.182608695652
234,0,26,7,2055,5734665,5351,23,9,97,30,8,2147,520,2790.5912408759123
235,0,33,22,755,602199,1729,8,6,61,14,3,1156,270,797.6145695364238
236,0,21,12,1277,933554,985,10,5,89,28,8,2069,484,731.0524667188723
237,0,22,6,601,361321,754,15,10,14,22,4,616,137,601.1996672212979
238,0,14,3,755,944663,844,23,4,120,30,8,2198,530,1251.2092715231788
239,0,7,5,37,188149,59,12,3,70,22,6,1598,396,5085.108108108108
240,0,12,10,575,218522,284,15,10,59,11,4,1612,381,380.0382608695652
241,0,25,7,1260,5253635,4558,32,11,111,33,8,2211,503,4169.5515873015875
242,0,5,6,533,1619592,672,20,17,46,29,6,1249,293,3038.6341463414633
243,0,16,11,420,156714,447,32,4,126,23,5,2380,502,373.12857142857143
244,0,25,10,1476,3670136,2911,21,7,87,30,7,1785,403,2486.542005420054
245,0,6,2,352,262844,392,11,3,49,32,9,701,168,746.7159090909091
246,0,5,3,18,75529,2719,12,8,43,28,6,659,143,4196.055555555556
247,0,35,6,1076,2728009,5827,28,18,102,24,7,1491,355,2535.324349442379
248,0,30,6,815,90375,1419,13,4,47,16,5,995,233,110.88957055214723
249,0,6,3,2085,1574047,1246,12,29,54,34,9,943,231,754.9386091127099
250,0,10,6,1491,1039688,1396,28,12,79,45,6,1069,229,697.309188464118
251,0,21,14,1048,1104480,4440,17,15,66,32,7,1913,457,1053.8931297709923
252,0,3,1,593,584821,1266,34,9,82,18,4,1346,300,986.2074198988196
253,0,98,62,1213,2944846,6670,39,15,166,46,13,2541,659,2427.737840065952
254,0,25,7,684,580753,1708,26,3,53,32,6,881,204,849.0540935672515
255,0,9,0,5587,12130088,2405,25,9,112,41,13,2050,504,2171.127259710041
256,0,15,2,1014,1702658,461,24,3,92,26,7,1847,440,1679.1499013806706
257,0,16,1,402,337126,870,11,2,53,27,3,1571,337,838.6218905472637
258,0,19,4,1271,2146632,4392,18,7,72,38,9,1341,315,1688.931549960661
259,0,25,14,411,478389,281,13,15,119,25,7,1857,432,1163.963503649635
260,0,48,30,2930,19236565,15380,18,7,71,33,9,1975,462,6565.3805460750855
261,0,19,22,1295,10024219,2660,18,6,70,24,7,1141,297,7740.709652509652
262,0,17,2,705,633142,1054,10,10,60,34,7,1857,370,898.0737588652482
263,0,7,1,386,885830,574,13,11,69,29,7,1231,262,2294.896373056995
264,0,14,1,1628,1076883,4518,13,13,23,33,7,988,193,661.4760442260442
265,0,2,2,1328,2710974,1109,8,7,44,26,7,702,157,2041.3960843373493
266,0,33,9,3201,45951947,16536,13,8,53,24,7,1573,341,14355.49734457982
267,0,20,23,734,1348088,1206,15,11,70,34,8,2210,505,1836.632152588556
268,0,77,24,1228,8134714,9178,48,3,136,26,8,2282,528,6624.35993485342
269,0,6,2,139,418432,209,22,5,85,34,9,1045,230,3010.3021582733813
270,0,7,7,1589,3910083,2239,29,9,90,27,8,1604,352,2460.71932032725
271,0,14,6,377,1429779,329,16,5,98,47,11,1749,395,3792.5172413793102
272,0,43,28,1108,1923529,3127,29,12,47,40,8,1541,348,1736.0370036101085
273,0,20,16,818,3171157,2071,34,6,46,26,7,2207,510,3876.720048899755
274,0,8,3,1357,8974790,3499,9,2,66,32,8,2157,516,6613.699336772292
275,0,14,1,974,2777830,1087,5,5,12,23,4,668,150,2851.981519507187
276,0,3,1,612,128502,1724,28,30,65,12,2,1463,301,209.97058823529412
277,0,48,37,473,2701815,4101,19,13,107,25,4,1958,432,5712.082452431289
278,0,9,4,115,1151632,732,24,13,83,31,8,1595,325,10014.191304347823
279,0,1,1,511,440219,520,18,4,46,26,5,849,197,861.4853228962818
280,1,22,22,1245,1214592,1485,35,9,77,26,5,2484,550,975.5759036144578
281,0,6,0,402,337135,870,14,4,58,20,1,1195,245,838.6442786069651
282,0,24,11,530,2887632,1337,31,8,99,17,4,1956,407,5448.362264150944
283,0,20,14,540,1943946,2212,67,11,101,27,7,1480,340,3599.9
284,0,5,2,184,101080,61,12,10,47,37,8,966,228,549.3478260869565
285,0,6,1,41,530015,711,21,8,73,44,11,1353,306,12927.19512195122
286,0,5,1,2189,4834168,1166,8,6,53,33,8,812,177,2208.39104613979
287,0,15,4,1188,4694048,4791,22,7,79,21,6,2846,650,3951.2188552188554
288,0,22,10,341,1108601,1875,19,5,99,37,10,1948,434,3251.0293255131965
289,0,14,5,837,1172366,2125,46,9,43,23,5,2984,668,1400.6762246117084
290,0,37,13,1790,9416429,6045,21,4,131,27,5,2587,588,5260.574860335196
291,0,37,16,1029,2590370,3672,26,7,100,46,8,1612,379,2517.366375121477
292,0,17,1,782,1130773,3252,7,9,19,26,7,642,153,1446.0012787723786
293,0,13,7,2589,12839933,741,18,14,70,31,8,1369,326,4959.417921977598
294,0,36,25,1119,2562229,2408,16,6,108,22,6,2312,536,2289.7488829311887
295,0,28,13,592,1220742,3899,15,11,82,29,8,1774,428,2062.064189189189
296,0,37,16,2212,6500684,3520,30,8,74,26,6,2084,467,2938.8264014466545
297,0,4,4,1096,4313306,1683,9,11,44,37,7,1618,372,3935.4981751824816
298,0,35,28,1080,1331619,2443,39,6,73,30,4,1391,269,1232.9805555555556
299,0,12,2,592,584827,1266,33,9,76,18,4,1336,304,987.883445945946
300,0,11,0,379,1183285,2047,15,8,57,31,7,1618,382,3122.1240105540896
301,1,32,17,180,431607,1217,11,9,73,38,9,1288,291,2397.8166666666666
302,0,6,5,403,510013,351,15,30,49,32,9,1675,405,1265.5409429280396
303,0,25,22,455,1407914,4631,43,17,167,29,7,2736,653,3094.3164835164835
304,0,30,17,306,738909,507,11,23,106,46,9,1832,473,2414.735294117647
305,0,55,34,19,13725,1003,21,3,113,25,7,2197,524,722.3684210526316
306,0,23,5,1119,2562227,2408,10,7,82,28,6,1698,390,2289.7470956210905
307,0,3,1,487,1207306,878,20,6,143,27,7,2828,642,2479.0677618069817
308,0,20,5,2690,4168271,6165,38,11,79,26,6,1733,416,1549.54312267658
309,0,25,4,2242,8798125,7424,25,8,37,21,5,1709,362,3924.2305976806424
310,0,34,26,1926,9363592,6749,31,4,85,27,6,1752,431,4861.678089304258
311,1,1,0,1289,327621,48,11,10,38,27,7,1068,224,254.16679596586505
312,0,14,6,671,2854541,3006,22,19,32,25,5,1532,307,4254.159463487333
313,0,36,13,1010,4053773,5214,20,5,25,23,7,1780,428,4013.6366336633664
314,0,42,22,1039,5323104,8549,25,5,41,33,8,2256,563,5123.295476419634
315,0,12,8,181,263000,882,20,8,79,35,4,1848,382,1453.0386740331492
316,0,5,4,689,1036485,486,22,7,61,48,10,1270,285,1504.33236574746
317,0,22,6,657,919851,3198,5,13,39,34,3,821,159,1400.0776255707765
318,0,5,7,456,442545,499,6,4,53,34,9,1395,351,970.4934210526316
319,0,2,0,43,153489,44,6,5,42,20,4,985,237,3569.5116279069766
320,0,19,2,501,2025741,3092,40,12,101,18,5,1994,464,4043.395209580838
321,0,23,6,1561,1262384,2533,30,3,177,26,7,3113,716,808.7021140294682
322,0,130,115,1066,895250,5452,27,18,70,32,9,1754,395,839.8217636022514
323,0,9,1,503,3421576,2717,25,12,178,27,6,3135,707,6802.337972166998
324,0,16,7,1269,999026,782,15,10,85,37,9,1832,401,787.2545311268716
325,0,4,1,437,487867,198,26,21,75,28,4,1285,237,1116.4004576659038
326,0,233,20,1290,2566285,27960,20,4,79,23,5,1564,378,1989.3682170542636
327,0,31,19,2115,6905416,5081,46,5,153,28,6,2515,608,3264.9721040189124
328,0,10,3,1763,5967615,1987,22,9,137,24,4,2056,489,3384.9205899035733
329,0,12,10,6581,14515314,4055,38,20,176,43,8,2249,504,2205.6395684546424
330,0,52,1,1312,7147198,8444,17,5,69,28,7,2161,515,5447.559451219512
331,0,12,21,84,225980,204,15,4,58,29,6,1275,266,2690.2380952380954
332,0,4,3,697,685935,407,24,30,49,18,5,875,194,984.1248206599712
333,0,24,3,478,628175,384,17,6,36,13,3,761,167,1314.173640167364
334,0,46,41,163,197758,2387,15,9,56,19,4,927,204,1213.239263803681
335,0,4,4,104,238670,123,22,8,71,45,11,1257,272,2294.903846153846
336,0,10,5,1242,3068858,953,16,30,34,28,7,1142,285,2470.900161030596
337,0,11,5,622,1505091,841,13,5,22,23,5,1102,246,2419.7604501607716
338,0,103,18,7414,3153839,6521,16,12,57,32,8,1462,319,425.3896681953062
339,0,9,9,207,421814,369,6,6,37,27,2,685,143,2037.748792270531
340,0,9,4,628,2055219,2195,19,9,76,28,5,1571,370,3272.641719745223
341,0,2,1,62,109208,171,7,7,32,30,6,1070,238,1761.4193548387098
342,0,10,3,421,962877,852,14,4,71,41,9,2124,522,2287.1187648456057
343,0,6,4,333,627687,271,6,14,27,18,4,440,104,1884.945945945946
344,0,52,22,3104,3954031,6627,23,15,120,31,8,2710,651,1273.850193298969
345,0,29,19,3798,7638747,5660,35,8,58,27,7,5259,1259,2011.2551342812003
346,0,5,4,280,624749,354,17,9,155,29,6,2847,654,2231.2464285714286
347,0,66,27,1134,2872270,5998,18,18,121,35,9,2119,520,2532.8659611992944
348,0,0,5,146,559903,150,9,15,79,45,13,1269,310,3834.95205479452
349,0,8,4,484,709866,1220,13,6,111,26,7,1883,425,1466.6652892561983
350,0,33,13,567,441517,1692,19,16,40,19,4,2088,462,778.6895943562611
351,0,9,8,479,166584,423,6,25,79,30,8,1140,245,347.77453027139876
352,0,11,5,166,274438,176,16,11,63,32,7,1033,242,1653.2409638554218
353,0,22,10,166,274438,176,10,7,70,36,9,1307,279,1653.2409638554218
354,0,4,3,197,392945,323,12,7,64,32,5,2036,475,1994.6446700507615
355,0,115,37,569,2321830,12480,18,5,81,18,4,1724,365,4080.5448154657297
356,0,18,3,1084,3445779,1962,33,5,80,29,7,1799,390,3178.762915129151
357,0,23,4,620,198137,6480,8,1,48,13,3,573,118,319.5758064516129
358,0,8,3,514,1552335,746,17,6,82,24,4,1506,318,3020.1070038910507
359,0,8,2,123,801466,531,7,17,45,34,9,1175,259,6515.983739837398
360,0,29,11,1516,1930594,1502,18,10,99,38,7,1501,362,1273.4788918205804
361,0,13,8,657,491431,2620,18,3,129,23,6,2216,458,747.9923896499239
362,0,35,14,3063,5409224,2802,28,10,64,23,5,1299,296,1765.988899771466
363,0,2,2,3004,919233,507,10,10,18,14,4,1217,253,306.0029960053262
364,0,47,16,1235,3262093,5302,17,5,120,28,7,2256,516,2641.370850202429
365,0,3,1,2085,1574046,1246,7,24,39,38,7,725,159,754.9381294964029
366,0,28,11,497,896430,2877,29,18,83,26,7,2096,507,1803.682092555332
367,0,17,4,470,1429800,1292,27,8,93,40,9,1831,431,3042.127659574468
368,0,20,12,1682,7773330,5198,16,9,24,33,8,1233,288,4621.480380499405
369,0,12,1,2159,5557448,1377,11,11,101,39,11,2032,506,2574.0842982862437
370,1,14,4,1068,6983586,3502,27,5,52,25,7,2017,506,6538.938202247191
371,0,14,3,3697,29404908,14722,24,9,42,39,9,1815,446,7953.721395726265
372,0,38,13,1026,2336517,2464,31,15,139,36,9,2475,563,2277.3070175438597
373,0,106,27,2421,5810144,8507,18,4,46,35,9,2024,462,2399.8942585708387
374,0,14,3,2017,4761571,3716,35,11,56,25,3,1437,315,2360.7193852255828
375,0,5,3,125,184554,131,12,30,80,25,6,1600,332,1476.432
376,0,39,21,2044,2505251,3341,40,8,96,45,11,1691,387,1225.6609589041095
377,0,39,14,2003,10087527,6357,30,12,125,19,6,2951,662,5036.209186220669
378,0,8,3,2636,6033038,3090,24,8,54,37,9,2629,651,2288.7094081942337
379,0,14,0,5047,7331216,2672,8,7,91,15,4,2030,492,1452.5888646720823
380,0,322,16,384,957175,4183,12,7,104,33,9,1669,408,2492.6432291666665
381,0,0,0,77,95309,66,16,11,29,27,7,744,172,1237.7792207792209
382,0,89,73,1215,2944885,6670,15,9,57,24,8,1313,321,2423.7736625514403
383,1,15,8,551,364674,1835,28,17,108,37,1,2454,565,661.8402903811252
384,0,17,9,287,1152067,636,12,20,80,51,11,1697,375,4014.170731707317
385,0,3,1,367,466393,364,11,10,39,37,7,792,159,1270.8256130790191
386,0,14,12,2638,3604013,4094,17,14,104,33,8,1880,415,1366.191432903715
387,0,18,3,2611,6851836,2905,52,7,62,28,7,2833,619,2624.219073152049
388,0,14,7,1749,3346576,2121,10,9,51,17,4,870,183,1913.422527158376
389,1,43,15,308,2065251,6323,42,12,68,29,8,1941,492,6705.36038961039
390,0,65,63,1433,6984872,4851,34,5,149,24,6,3125,701,4874.300069783671
391,0,19,6,6374,1368438,859,31,16,59,25,4,1103,230,214.69061813617824
392,0,23,6,532,2573504,5803,14,5,52,23,4,961,209,4837.413533834587
393,0,9,2,974,2777832,1087,14,8,19,26,4,992,208,2851.983572895277
394,0,21,4,923,2393166,3231,34,14,83,26,5,1998,430,2592.812567713976
395,0,2,1,504,807661,1135,21,6,70,30,7,1664,381,1602.501984126984
396,0,14,7,906,3576302,3351,21,2,94,25,5,1797,390,3947.353200883002
397,0,26,5,478,848345,1195,19,11,47,30,2,626,132,1774.7803347280335
398,0,11,7,543,1669141,770,17,2,51,25,7,1182,259,3073.924493554328
399,1,43,8,1237,3262113,5302,34,4,113,28,7,1798,420,2637.116410670978
400,0,15,14,240,415741,2866,14,6,39,23,6,965,224,1732.2541666666666
401,0,9,1,1514,2951640,1402,30,23,99,37,6,1642,409,1949.564068692206
402,0,19,12,377,1429768,329,25,12,126,35,7,2112,469,3792.4880636604776
403,0,20,9,1050,2378182,2761,31,8,81,32,6,1727,410,2264.935238095238
404,0,21,3,1249,2593302,1786,43,19,106,49,8,3351,789,2076.302642113691
405,0,15,3,1273,5167261,4393,13,7,69,34,8,1189,254,4059.120974076984
406,0,32,12,1146,891561,4907,20,25,110,37,9,2155,496,777.9764397905759
407,0,13,24,409,308868,555,7,12,78,26,7,1344,305,755.1784841075795
408,0,19,12,1903,2784036,3120,8,15,27,20,4,590,137,1462.9721492380452
409,0,14,19,1024,7233972,5877,13,4,53,24,6,1976,457,7064.42578125
410,0,13,7,906,3576299,3351,19,2,93,26,5,1720,376,3947.349889624724
411,0,13,5,313,904202,790,12,6,49,26,6,918,218,2888.8242811501595
412,0,26,2,9053,12882805,12813,12,3,45,28,6,901,212,1423.0426377996243
413,0,14,7,665,1091276,1744,20,1,84,31,9,1435,337,1641.0165413533834
414,0,40,5,1763,11715219,13656,21,8,93,47,11,1861,463,6645.047646057856
415,0,21,22,525,1718483,2347,24,8,99,39,11,1545,360,3273.3009523809524
416,0,12,4,1413,3305850,2248,22,10,131,35,10,1824,432,2339.596602972399
417,0,13,5,1402,2991299,3129,16,7,59,45,12,1019,218,2133.5941512125537
418,0,8,2,442,891915,669,11,8,48,18,2,584,129,2017.9072398190044
419,0,23,2,1319,3747837,4447,16,7,50,36,8,1174,268,2841.423047763458
420,0,43,26,4090,13187863,7107,29,1,137,23,6,1845,414,3224.416381418093
421,0,27,9,1653,6238838,6147,18,9,126,27,8,1698,386,3774.251663641863
422,0,5,3,6803,6728517,3749,11,13,51,26,7,1353,309,989.0514478906364
423,0,105,16,608,2661229,5819,22,1,95,33,6,1481,333,4377.0213815789475
424,0,16,12,326,693330,2393,44,7,63,35,8,3022,712,2126.7791411042945
425,0,13,2,802,1065659,1097,22,1,49,29,6,2334,514,1328.7518703241894
426,0,24,22,535,2189697,1843,30,5,85,24,7,3655,876,4092.891588785046
427,0,14,10,433,752244,2398,11,30,39,38,8,2163,465,1737.284064665127
428,0,38,12,2941,8733180,4168,31,15,94,42,12,2005,532,2969.4593675620536
429,0,10,2,2201,6000620,2760,22,8,33,24,5,2398,518,2726.3153112221717
430,0,6,5,163,785278,404,14,8,130,25,5,2535,611,4817.6564417177915
431,0,18,10,937,1132152,2659,20,6,103,33,7,2208,446,1208.273212379936
432,0,166,199,189,381539,1709,35,23,181,20,5,2835,744,2018.7248677248676
433,0,28,5,2586,24390322,4610,13,8,99,26,6,1650,370,9431.679040989946
434,0,33,26,539,971702,2789,62,14,132,40,8,3650,710,1802.7866419294992
435,0,9,4,374,1859880,1404,29,13,141,28,4,2778,626,4972.941176470588
436,0,86,34,1576,2079592,6213,20,7,35,23,6,2466,618,1319.53807106599
437,0,65,102,265,505160,2105,71,30,111,39,11,1979,481,1906.2641509433963
438,0,22,5,1269,2651100,3461,22,8,97,28,8,2010,492,2089.125295508274
439,0,20,8,532,2573500,5803,16,5,80,36,7,1605,353,4837.4060150375935
440,0,7,3,468,1094450,550,40,7,121,30,7,2950,663,2338.568376068376
441,0,32,8,3666,10982301,11542,5,6,38,27,8,532,127,2995.7176759410804
442,0,7,3,1238,2441688,1138,10,4,24,38,9,923,224,1972.284329563813
443,0,3,0,817,1959052,429,5,4,33,23,2,490,101,2397.860465116279
444,0,14,11,903,2792888,1746,12,10,103,26,7,1558,334,3092.8992248062013
445,0,12,6,136,816647,343,19,7,42,28,5,1643,382,6004.757352941177
446,0,6,6,1758,1397841,665,20,13,93,46,10,2572,602,795.1313993174061
447,0,19,4,986,3046302,2439,12,18,85,32,6,1441,333,3089.555780933063
448,0,20,7,1514,3082006,2672,18,8,81,37,6,1194,264,2035.67107001321
449,0,6,2,570,2780973,2107,30,4,137,30,6,3064,716,4878.9
450,0,13,16,54,98112,256,32,12,98,28,7,1810,458,1816.888888888889
451,0,225,118,241,1025531,5439,14,10,145,50,11,2998,692,4255.3153526970955
452,0,13,11,437,2212218,1297,18,5,64,51,11,2498,589,5062.283752860412
453,0,11,10,2402,13604954,6998,30,16,105,26,7,3160,741,5664.010824313073
454,0,7,7,480,629200,1088,8,9,56,25,5,931,207,1310.8333333333333
455,0,2,0,225,582795,745,9,13,69,28,7,1839,408,2590.2
456,0,8,2,1746,3307474,1098,40,13,167,36,10,2902,690,1894.315005727377
457,0,19,2,2017,4761563,3716,23,11,56,26,5,1457,330,2360.7154189390185
458,0,16,7,995,1727368,2658,21,5,71,49,7,1374,327,1736.04824120603
459,0,44,5,1064,3839498,16712,19,23,124,38,8,1945,441,3608.5507518796994
460,0,20,4,1687,4090824,6899,15,11,19,19,5,1469,327,2424.910491997629
461,0,5,3,1554,3579018,575,16,26,48,42,11,1133,221,2303.100386100386
462,0,31,6,2586,24390323,4610,23,6,100,28,6,1523,331,9431.679427687548
463,0,8,0,1242,3068847,953,20,30,41,26,6,1315,315,2470.891304347826
464,0,12,3,738,2019445,2284,35,10,87,38,10,1311,314,2736.3753387533875
465,0,10,7,500,1231197,1154,27,4,53,37,10,699,155,2462.394
466,0,5,5,2690,4168273,6165,23,12,54,27,8,1219,298,1549.5438661710036
467,0,16,11,338,1408182,2147,22,8,140,39,12,2646,622,4166.218934911242
468,0,11,7,1085,283447,160,19,8,92,46,5,1428,314,261.2414746543779
469,0,8,2,613,601450,975,12,9,34,16,4,542,117,981.15823817292
470,0,4,1,362,282031,866,8,9,25,26,6,778,173,779.0911602209944
471,0,10,2,689,580061,782,30,11,82,16,4,1077,251,841.88824383164
472,0,10,2,1267,3444206,1519,14,8,79,37,8,1360,313,2718.394632991318
473,0,17,6,1502,4000550,1444,26,2,206,34,8,3361,732,2663.4820239680425
474,0,14,2,904,2792897,1746,13,8,82,22,6,1128,238,3089.487831858407
475,0,5,3,958,4477856,5370,15,7,59,26,6,1577,359,4674.1711899791235
476,0,6,4,1192,2268618,1534,12,7,47,19,3,750,155,1903.203020134228
477,1,36,31,548,3730575,2858,37,10,137,25,7,2485,554,6807.618613138686
478,0,11,6,1614,4751654,2527,15,7,38,33,6,1153,245,2944.023543990086
479,0,7,1,290,874249,1136,19,6,104,43,10,1889,425,3014.651724137931
480,0,27,5,598,7659751,3905,12,4,80,19,4,1858,399,12808.948160535116
481,0,7,7,221,698044,1010,16,8,63,33,8,1118,225,3158.5701357466064
482,0,12,0,491,1244167,1128,17,14,50,27,8,1199,279,2533.9450101832995
483,1,36,5,1536,1266851,3680,30,9,147,39,8,2298,527,824.7727864583334
484,1,25,0,4164,4949661,6491,25,2,71,31,7,2351,533,1188.67939481268
485,1,16,1,330,105216,2131,11,16,65,32,7,1660,380,318.8363636363636
486,1,7,0,156,41069,46,20,6,36,25,7,2261,494,263.2628205128205
487,1,5,4,453,280862,169,24,14,63,26,5,2420,562,620.0044150110375
488,1,21,16,808,155396,1147,25,22,47,27,6,2158,541,192.32178217821783
489,1,33,4,363,133726,2839,24,2,39,26,5,1919,439,368.3911845730027
490,1,1,0,1368,455066,137,26,2,97,31,8,2485,612,332.65058479532166
491,1,1,5,1364,455056,137,24,2,97,14,5,1957,460,333.61876832844575
492,1,1,3,208,79289,122,25,2,70,17,4,2988,710,381.19711538461536
493,1,5,1,522,549534,266,12,5,55,27,6,2018,459,1052.7471264367816
494,1,4,1,1101,818596,1246,30,1,194,46,11,2857,687,743.5022706630336
495,1,5,0,118,24732,105,30,21,196,44,9,3666,858,209.59322033898303
496,1,6,5,903,255762,1259,30,10,159,43,12,2832,661,283.2358803986711
497,1,2,2,408,58283,14,15,5,98,28,7,1684,394,142.85049019607845
498,1,1,0,550,389176,360,16,6,80,27,6,1352,326,707.5927272727273
499,1,0,0,195,8596,4,26,1,116,21,4,2420,568,44.08205128205128
500,1,6,0,244,126897,796,31,9,110,28,6,2261,535,520.0696721311475
501,1,6,4,1363,576078,327,29,9,202,33,9,2786,689,422.6544387380778
502,1,1,0,1364,455060,137,22,2,100,35,7,1806,417,333.6217008797654
503,1,13,2,848,831617,3357,26,2,119,21,5,2216,482,980.6804245283018
504,1,5,1,903,125740,332,16,10,40,17,4,1589,370,139.2469545957918
505,1,11,1,1276,419517,1688,20,4,73,26,6,2505,542,328.77507836990594
506,1,11,2,3952,4821880,2736,41,26,135,55,14,3762,821,1220.1113360323886
507,1,2,0,520,93106,360,16,10,73,46,10,1918,397,179.05
508,1,4,1,144,15482,114,25,10,105,15,4,1681,409,107.51388888888889
509,1,39,13,3183,7266203,9165,35,4,176,29,8,3496,867,2282.8158969525603
510,1,4,1,496,5125036,210,7,6,91,39,9,1730,422,10332.733870967742
511,1,13,3,784,1692941,3019,29,6,208,35,7,2915,697,2159.3635204081634
512,1,2,1,234,235834,179,28,4,127,10,3,2064,505,1007.8376068376068
513,1,0,0,88,144591,214,18,2,66,22,7,1871,412,1643.0795454545455
514,1,12,5,426,756970,738,52,6,59,15,4,1677,403,1776.924882629108
515,1,2,1,821,512908,438,24,2,206,24,7,3781,970,624.73568818514
516,1,19,1,601,6570784,5751,31,7,101,48,13,2646,606,10933.084858569053
517,1,2,0,3178,5367439,339,26,7,111,24,5,2137,482,1688.9361233480176
518,1,5,0,801,560945,455,8,3,48,27,6,870,203,700.3058676654182
519,1,92,35,725,1692860,6325,27,2,196,24,6,3248,809,2334.979310344828
520,1,11,1,488,138905,620,16,21,69,26,6,1185,282,284.6413934426229
521,1,9,1,981,1862046,2011,7,11,77,31,5,1367,310,1898.1100917431193
522,1,11,6,753,1309744,625,26,2,73,14,4,2160,515,1739.3678618857905
523,1,2,0,96,155176,42,25,2,157,19,5,2651,662,1616.4166666666667
524,1,6,4,359,211213,1021,20,3,135,33,6,2798,633,588.3370473537605
525,1,12,6,409,983781,422,25,2,57,31,9,2222,524,2405.332518337408
526,1,15,26,643,410697,439,25,2,91,15,4,3166,703,638.7200622083982
527,1,1,2,837,653399,141,8,5,28,30,7,603,135,780.6439665471923
528,1,3,0,376,48503,260,13,8,91,27,7,1453,327,128.99734042553192
529,1,40,17,898,911165,4486,25,2,111,24,6,2121,488,1014.6603563474388
530,1,11,6,99,18493,641,28,6,97,30,7,1747,417,186.7979797979798
531,1,9,0,624,318940,1071,26,2,194,21,5,2910,691,511.12179487179486
532,1,0,1,837,653399,141,17,5,50,32,7,984,227,780.6439665471923
533,1,4,2,687,714411,728,20,1,47,18,5,1736,417,1039.8995633187774
534,1,11,1,1006,649037,1266,15,14,61,37,9,1687,372,645.1660039761431
535,1,1,0,2383,2871899,753,26,1,64,33,8,3283,808,1205.16114141838
536,1,3,1,687,714414,728,25,2,100,17,4,3187,717,1039.9039301310045
537,1,17,9,1942,720493,1825,28,5,163,25,6,3089,725,371.0056642636457
538,1,34,19,849,482651,94,25,2,105,18,6,2256,530,568.4935217903416
539,1,45,5,949,3579037,2943,17,2,103,26,8,2067,488,3771.377239199157
540,1,4,2,225,207138,249,30,3,64,20,5,2627,601,920.6133333333332
541,1,0,0,302,1645316,483,18,2,75,40,10,2618,574,5448.066225165563
542,1,2,2,388,265169,72,29,12,161,25,7,3017,732,683.4252577319587
543,1,5,2,527,410442,918,25,1,147,22,5,3077,693,778.8273244781784
544,1,19,8,2000,28692090,8525,26,11,98,33,6,2134,512,14346.045
545,1,10,0,851,549009,964,23,2,88,25,7,2250,514,645.1339600470035
546,1,24,4,1588,6278827,7406,28,3,112,15,3,2139,438,3953.921284634761
547,1,5,0,1783,4760545,5638,22,1,99,23,6,2097,489,2669.9635445877734
548,1,0,3,852,356445,1104,20,2,57,14,4,2109,452,418.3626760563381
549,1,1,0,44,59897,220,18,11,128,20,5,2191,500,1361.2954545454545
550,1,10,1,734,116536,1100,8,10,61,16,3,1438,315,158.7683923705722
551,1,4,2,217,89102,181,15,3,43,27,6,2519,526,410.6082949308755
552,1,1,1,1368,455066,137,26,1,113,27,7,2783,657,332.65058479532166
553,1,8,4,843,482639,94,29,2,139,16,4,2711,660,572.5255041518386
554,1,6,2,609,738837,566,21,6,135,24,7,2903,696,1213.197044334975
555,1,11,4,943,1875692,838,21,4,57,34,8,4043,960,1989.068928950159
556,1,45,7,544,447416,1909,25,1,70,24,7,2317,524,822.4558823529412
557,1,2,1,388,265165,72,23,8,38,24,7,2342,540,683.4149484536083
558,1,33,9,3098,3953895,6627,31,16,120,32,7,2906,675,1276.2734021949643
559,1,1,0,158,21408,7,25,6,54,27,7,2266,534,135.49367088607596
560,1,0,0,62,6356,7,42,6,70,47,13,3351,843,102.51612903225806
561,1,3,2,1459,854515,694,24,3,46,26,8,2863,670,585.6854009595613
562,1,16,1,532,442192,1326,15,3,69,29,7,2184,479,831.187969924812
563,1,21,0,4161,4949612,6491,24,3,37,23,5,2309,525,1189.5246335015622
564,1,3,1,837,653400,141,9,6,36,26,6,697,155,780.6451612903226
565,1,40,8,1238,985354,2821,19,3,78,27,7,2709,595,795.9240710823909
566,1,4,3,1383,1071886,3332,27,1,114,29,6,2497,562,775.0441070137382
567,1,12,6,180,6410,466,5,2,18,40,9,772,178,35.611111111111114
568,1,3,0,227,317879,685,27,2,113,25,7,3176,724,1400.3480176211451
569,1,13,9,402,90856,886,16,12,75,47,11,2267,494,226.0099502487562
570,1,6,2,629,501914,1200,26,3,76,25,7,2340,554,797.9554848966613
571,1,6,3,403,166124,958,25,2,66,14,4,3103,719,412.2183622828784
572,1,25,5,1247,2013744,6814,30,8,29,28,7,3155,713,1614.8708901363273
573,1,10,1,1077,129679,1722,18,8,73,27,6,2010,421,120.40761374187558
574,1,11,10,116,7384,520,11,8,54,27,5,936,227,63.6551724137931
575,1,3,0,849,482651,94,26,2,95,15,5,2674,662,568.4935217903416
576,1,47,7,1894,5304614,6974,38,6,178,32,7,3049,683,2800.7465681098206
577,1,4,3,1886,838129,1208,20,6,85,34,7,2887,686,444.3950159066808
578,1,3,2,792,432942,402,11,1,82,37,5,3254,668,546.6439393939394
579,1,4,4,239,58841,125,19,4,149,31,8,2662,597,246.19665271966528
580,1,10,2,1140,381522,1051,27,10,117,53,11,1833,390,334.6684210526316
581,1,113,83,1788,1843659,9690,52,10,165,33,8,4347,991,1031.1291946308725
582,1,16,2,851,549012,964,27,9,121,32,8,2682,636,645.1374853113983
583,1,2,1,483,74418,183,21,4,30,29,5,2148,465,154.07453416149067
584,1,10,10,1097,818592,1246,30,1,199,40,9,2854,663,746.2096627164996
585,1,79,8,400,670441,3689,28,5,91,32,8,2248,516,1676.1025
586,1,4,2,1364,455060,137,25,2,117,23,7,2238,543,333.6217008797654
587,1,223,32,186,19009,2471,8,16,37,22,5,1005,182,102.1989247311828
588,1,9,0,334,37655,821,5,4,36,17,4,703,163,112.73952095808384
589,1,65,18,1784,9308350,15258,40,11,72,31,9,4232,1031,5217.684977578475
590,1,0,0,850,482665,94,27,1,118,21,6,2191,525,567.8411764705883
591,1,17,1,355,467395,1080,23,2,90,17,4,2566,624,1316.605633802817
592,1,46,19,707,291567,3424,24,2,83,27,5,2673,625,412.4002828854314
593,1,4,3,156,38503,413,31,11,191,44,10,2867,619,246.81410256410257
594,1,3,2,189,14397,292,12,4,49,19,6,1259,278,76.17460317460318
595,1,4,2,849,482651,94,28,2,119,14,4,2127,508,568.4935217903416
596,1,12,6,510,924240,975,28,1,103,26,6,3483,772,1812.235294117647
597,1,6,0,4177,11699665,2717,43,7,187,20,5,4466,1012,2800.973186497486
598,1,5,3,1783,4760545,5638,25,2,108,20,5,1955,462,2669.9635445877734
599,1,3,1,121,29594,90,22,8,104,33,6,1728,419,244.5785123966942
600,1,3,0,799,315988,699,28,2,130,18,4,2425,569,395.4793491864831
601,1,22,5,3125,4240811,5451,42,16,111,21,4,2226,473,1357.05952
602,1,8,5,2620,1719768,2837,19,15,46,26,5,1904,417,656.4
603,1,19,8,620,334055,753,27,2,184,24,5,2736,672,538.7983870967741
604,1,7,2,394,181801,1983,14,7,46,23,7,1029,248,461.4238578680203
605,1,104,16,466,159809,5493,23,16,95,27,5,1922,433,342.93776824034336
606,1,5,2,167,16663,236,26,10,75,20,4,1335,279,99.77844311377244
607,1,31,13,229,69657,406,13,8,49,34,8,1257,273,304.17903930131007
608,1,5,2,2169,3746790,1613,13,6,77,22,5,1723,298,1727.4273858921165
609,1,6,0,509,180185,434,32,13,58,53,14,1542,330,353.99803536345775
610,1,25,7,2471,34415372,8448,31,7,45,32,10,2322,564,13927.710238769729
611,0,16,17,529,103594,1798,28,6,63,51,13,1345,327,195.82986767485824
612,1,3,0,943,1875697,838,22,4,73,30,8,2586,641,1989.0742311770944
613,1,9,10,654,515412,614,22,9,65,19,5,2917,642,788.0917431192661
614,1,36,5,4256,10649884,7970,19,3,107,27,7,1596,402,2502.3223684210525
615,1,2,0,555,56496,106,8,2,77,32,6,1488,344,101.7945945945946
616,1,15,4,2902,10352246,5582,32,7,109,16,4,3366,821,3567.279807029635
617,1,11,1,799,315989,699,24,2,110,18,5,1928,457,395.48060075093866
618,1,37,52,566,383934,1299,21,1,184,18,5,3389,769,678.3286219081272
619,1,37,22,448,631869,1806,25,2,122,25,6,2271,551,1410.421875
620,1,4,5,547,263515,132,27,2,102,17,5,2213,502,481.74588665447897
621,1,26,16,5515,31471693,2800,39,12,123,25,5,3181,722,5706.562647325476
622,1,5,2,166,48924,837,11,8,65,23,4,1461,261,294.72289156626505
623,1,12,4,550,631423,1516,21,2,96,25,6,2119,511,1148.041818181818
624,1,123,4,260,105485,1445,21,3,100,33,6,3323,754,405.71153846153845
625,1,9,16,211,335828,281,31,10,160,31,8,2922,712,1591.601895734597
626,1,11,4,135,1773,427,8,3,14,31,8,729,163,13.133333333333333
627,1,6,3,171,81256,256,24,6,112,35,5,2340,534,475.1812865497076
628,1,9,4,279,586567,530,30,2,161,39,10,2960,702,2102.390681003584
629,1,10,2,144,146290,335,30,1,163,35,9,2908,716,1015.9027777777778
630,1,0,1,1368,455076,137,27,2,110,18,4,2830,685,332.6578947368421
631,1,3,3,287,128413,660,30,11,172,36,7,3036,730,447.4320557491289
632,1,6,1,1282,422881,698,19,2,95,23,6,1825,434,329.8603744149766
633,1,5,2,1042,6988059,427,7,7,101,28,5,1665,386,6706.390595009597
634,1,4,16,291,243531,577,23,10,107,50,9,2774,648,836.8762886597938
635,1,3,2,969,440805,1012,21,4,24,24,6,2615,622,454.90712074303406
636,1,99,86,728,175177,3162,19,5,68,16,3,1373,333,240.62774725274724
637,1,5,2,400,139138,1283,12,18,44,32,6,918,173,347.845
638,1,4,1,364,556416,112,25,2,68,15,4,2211,501,1528.6153846153843
639,1,7,0,736,282944,2028,17,3,79,51,11,2525,543,384.4347826086956
640,1,1,0,86,8335,64,9,2,51,27,6,1483,346,96.9186046511628
641,1,3,1,400,139138,1283,14,20,54,24,6,1111,217,347.845
642,1,15,0,144,146290,335,30,1,126,39,10,2277,510,1015.9027777777778
643,1,56,22,1257,5253440,4558,46,12,120,26,6,2502,571,4179.347653142402
644,1,43,33,1329,3742672,5630,42,13,259,24,5,4222,966,2816.1565086531227
645,1,45,6,3746,256753,3602,25,2,93,20,5,2851,696,68.54057661505605
646,1,9,0,5288,38240543,3511,22,3,88,24,7,2471,545,7231.570158850227
647,1,32,17,728,2654831,3415,38,17,120,42,10,2761,615,3646.745879120879
648,1,4,2,362,367677,81,25,2,73,17,5,2294,513,1015.682320441989
649,1,9,2,852,549014,967,24,4,122,24,3,2847,649,644.3826291079812
650,1,4,0,164,47747,357,25,2,118,15,4,2828,658,291.140243902439
651,1,3,0,575,302044,172,12,7,77,24,6,1338,305,525.2939130434783
652,1,323,9,1793,671650,5014,24,17,171,25,5,2575,530,374.595649749024
653,1,8,4,895,291769,723,25,2,124,25,5,2531,602,325.9988826815642
654,1,4,1,1441,353395,182,25,2,67,16,4,2598,639,245.24288688410823
655,1,4,0,777,199084,246,15,1,40,28,6,1780,408,256.22136422136424
656,1,6,1,798,315988,699,23,1,100,24,5,1844,439,395.9749373433584
657,1,26,6,645,2946014,4823,30,19,133,30,9,2444,590,4567.463565891473
658,1,2,0,614,548469,169,25,3,82,27,9,2855,666,893.271986970684
659,1,0,0,121,29592,90,18,8,75,26,3,1284,308,244.56198347107437
660,1,6,2,1979,659766,1216,25,2,67,17,5,2290,527,333.3835270338555
661,1,61,5,417,355130,267,25,3,63,32,7,1941,393,851.6306954436451
662,1,38,9,2409,2023547,4770,24,2,62,11,3,2191,485,839.994603569946
663,1,30,20,159,53227,1133,12,8,125,32,8,2191,578,334.76100628930817
664,1,17,5,1846,4890893,3566,13,8,20,35,9,1583,382,2649.454496208017
665,1,3,3,1783,4760545,5638,25,3,111,20,6,2736,646,2669.9635445877734
666,1,44,16,3203,23656863,10581,35,12,203,32,8,2965,691,7385.8454573837025
667,1,7,3,1350,481223,1520,25,2,43,11,3,2784,683,356.4614814814815
668,1,1,0,685,714407,728,22,5,39,35,7,2307,473,1042.9299270072993
669,1,3,0,808,1506185,894,31,12,80,37,9,2066,478,1864.0903465346537
670,1,6,1,391,2380465,1648,22,6,192,28,6,3337,779,6088.145780051151
671,1,28,8,635,501970,1200,23,3,72,26,7,2215,508,790.503937007874
672,1,10,10,943,566532,177,17,7,47,31,5,1880,447,600.7762460233298
673,1,31,7,1895,5304654,6974,43,6,237,26,7,3503,870,2799.2897097625328
674,1,17,9,1228,1299519,929,20,3,139,23,7,3000,722,1058.2402280130293
675,1,56,22,539,371430,4044,24,3,91,20,7,3046,680,689.1094619666048
676,1,24,9,379,203125,5314,18,3,134,28,7,2703,593,535.9498680738786
677,1,7,0,499,483638,604,15,2,115,20,5,2307,526,969.2144288577156
678,1,4,2,211,335830,281,30,10,204,34,6,2919,703,1591.6113744075828
679,1,30,6,5049,20656936,13633,33,7,129,34,8,2339,517,4091.292533174886
680,1,8,4,1241,3068757,953,26,30,55,35,10,1740,428,2472.8098307816276
681,1,30,21,1355,239592,3728,15,24,83,25,6,2907,677,176.82066420664208
682,1,6,0,753,770307,1712,23,2,64,20,4,3043,694,1022.98406374502
683,1,5,1,278,90563,1444,16,6,56,24,5,1764,448,325.7661870503597
684,1,44,8,369,189381,1002,15,3,75,32,6,2531,561,513.2276422764228
685,1,6,1,799,315988,699,24,2,100,21,6,2209,514,395.4793491864831
686,1,4,3,2623,1719771,2837,19,15,43,31,7,1484,327,655.6504003049943
687,1,1,0,1055,318929,499,10,1,48,31,7,1781,425,302.30236966824646
688,1,38,4,1020,359251,4638,25,2,62,24,6,2918,691,352.206862745098
689,1,3,2,687,714412,728,20,3,35,32,9,2114,494,1039.901018922853
690,1,16,15,651,347653,793,24,5,139,26,6,2920,672,534.0291858678955
691,1,1,2,850,482664,94,25,1,120,26,6,2205,537,567.84
692,1,33,10,634,501967,1200,20,2,182,28,7,2878,702,791.7460567823343
693,1,9,2,487,145843,1398,18,3,63,32,7,1977,440,299.4722792607803
694,1,5,1,1545,214382,852,25,1,37,27,6,1383,299,138.75857605177993
695,1,7,2,527,842712,384,25,2,66,31,9,2550,567,1599.0740037950663
696,1,61,10,5556,28583321,19812,22,5,37,27,8,2176,503,5144.586213102952
697,1,7,2,134,37862,213,6,8,34,19,5,908,211,282.55223880597015
698,1,11,7,164,439080,140,22,3,73,20,6,1877,429,2677.317073170732
699,1,22,5,932,1740672,4275,33,5,167,21,6,2244,545,1867.6738197424893
700,1,0,0,173,15421,118,22,1,42,22,4,1611,359,89.13872832369943
701,1,10,7,3506,3350477,149,24,2,161,27,7,2582,567,955.6409013120364
702,1,6,2,614,548467,169,30,10,215,34,7,2842,676,893.2687296416938
703,1,35,8,279,586566,530,29,3,47,35,7,3153,740,2102.3870967741937
704,1,6,1,2095,1468255,1546,17,13,44,36,8,2264,516,700.8377088305489
705,1,21,10,1286,2692935,5959,30,10,108,35,7,2107,456,2094.0396578538102
706,1,0,1,1654,1050194,201,24,2,61,19,5,1945,465,634.9419588875453
707,1,48,18,546,1129447,3239,26,8,66,26,7,2058,494,2068.584249084249
708,1,59,63,148,119482,1375,17,3,66,33,7,2085,451,807.3108108108108
709,1,35,11,545,447426,1909,25,1,67,26,7,2097,458,820.965137614679
710,1,17,4,623,274289,844,10,16,101,48,9,2269,553,440.27126805778494
711,1,11,3,730,984496,1125,25,3,69,18,5,2505,581,1348.6246575342466
712,1,0,1,1362,455038,137,26,2,114,17,5,2060,482,334.0954478707783
713,1,7,1,386,197482,563,23,9,158,27,6,3051,727,511.61139896373055
714,1,7,1,375,48503,260,8,9,39,30,8,1461,322,129.34133333333332
715,1,19,18,521,401595,980,25,1,104,19,4,3170,709,770.8157389635317
716,1,17,11,625,1305022,1341,40,2,185,31,8,2893,704,2088.0352
717,1,10,3,130,1530,385,7,3,18,30,6,797,183,11.76923076923077
718,1,7,2,799,315991,699,22,2,103,19,6,2294,533,395.4831038798498
719,1,7,3,531,267854,167,25,5,169,18,5,3127,721,504.4331450094162
720,1,2,1,1293,801934,418,27,2,144,18,5,3830,956,620.2119102861562
721,1,4,0,618,2328481,553,39,1,183,22,7,3376,808,3767.76860841424
722,1,11,1,784,242041,807,30,9,184,44,9,2830,709,308.72576530612247
723,1,26,1,1304,2615183,7456,25,2,64,28,6,2637,596,2005.508435582822
724,1,5,1,683,1139680,4507,21,4,74,43,11,2259,521,1668.6383601756954
725,1,0,0,442,62907,112,10,3,50,30,5,2128,468,142.3235294117647
726,1,0,10,390,347226,1302,22,5,57,18,5,1731,399,890.3230769230769
727,1,8,1,851,549012,964,22,2,87,26,6,2035,461,645.1374853113983
728,1,15,8,594,693420,794,24,11,93,24,8,3055,689,1167.3737373737374
729,1,2,1,311,9497,66,10,30,49,33,6,1926,365,30.536977491961416
730,1,0,0,493,236423,42,23,2,96,19,5,2233,515,479.55983772819474
731,1,9,1,2611,439421,1381,27,4,109,29,8,2096,463,168.29605515128304
732,1,16,5,1391,2815969,3686,28,3,117,36,11,2027,517,2024.4205607476636
733,1,4,1,444,113843,49,18,23,124,26,7,2018,436,256.40315315315314
734,1,7,2,1637,741023,1162,8,5,12,24,6,1146,252,452.6713500305437
735,1,3,5,1095,818578,1245,31,5,151,41,9,2787,671,747.5598173515982
736,1,29,0,4161,4949591,6491,30,2,49,24,5,2823,639,1189.5195866378274
737,1,0,1,494,236432,42,27,2,116,21,5,2103,502,478.6072874493927
738,1,12,0,520,848929,1222,52,6,155,49,11,3607,819,1632.555769230769
739,1,34,6,3373,13506555,20360,37,6,164,26,7,3313,790,4004.315149718352
740,1,14,2,481,156530,1020,27,2,95,15,4,3029,691,325.4261954261954
741,1,9,7,549,468748,275,26,2,50,24,6,1971,440,853.8214936247723
742,1,25,1,394,902162,1516,7,13,59,33,7,1726,398,2289.751269035533
743,1,2,2,719,702090,205,23,5,52,19,5,2888,722,976.481223922114
744,1,6,0,1441,353396,182,25,2,47,24,6,1945,442,245.24358084663427
745,1,11,1,66,10354,284,7,9,82,43,7,1515,292,156.87878787878788
746,1,1,2,390,265171,72,25,2,64,31,7,2514,555,679.925641025641
747,1,8,11,2096,3736883,1804,23,2,51,34,8,1976,445,1782.8640267175572
748,1,1,1,188,170900,46,24,2,164,21,6,2914,695,909.0425531914892
749,1,20,17,784,242040,807,30,11,144,36,7,2320,563,308.7244897959184
750,1,2,1,373,69813,371,14,6,34,31,8,865,199,187.1662198391421
751,1,0,2,837,653398,141,12,4,37,22,6,691,155,780.6427718040621
752,1,5,1,173,108443,348,13,6,42,26,7,865,210,626.8381502890173
753,1,41,6,470,256504,1441,40,12,137,51,10,2721,596,545.7531914893617
754,1,14,4,279,586567,530,32,3,128,45,8,2281,524,2102.390681003584
755,1,1,1,362,367677,81,25,2,68,30,8,2416,537,1015.682320441989
756,1,18,3,449,631881,1806,24,2,145,34,8,2241,516,1407.3073496659242
757,1,116,61,725,1692872,6325,25,2,72,17,4,2453,528,2334.9958620689654
758,1,15,6,550,631407,1516,30,10,161,37,9,3124,739,1148.0127272727273
759,1,29,14,4086,13187441,7107,27,1,167,31,8,2367,520,3227.469652471855
760,1,230,25,638,64244,5391,23,13,102,28,5,1911,450,100.69592476489028
761,1,116,53,272,163645,3473,47,8,118,37,11,2234,517,601.6360294117648
762,1,6,2,850,482655,94,26,1,105,26,6,2243,533,567.8294117647059
763,1,22,2,1960,748227,4874,18,14,64,32,7,1367,327,381.7484693877551
764,1,8,0,1016,456774,799,20,3,74,29,7,2369,536,449.5807086614173
765,1,1,2,837,653400,141,10,10,38,26,7,688,151,780.6451612903226
766,1,3,0,181,71390,544,24,9,64,20,5,2945,638,394.4198895027624
767,1,11,1,224,48688,428,17,13,42,42,9,844,188,217.3571428571429
768,1,22,3,449,631880,1806,25,2,171,14,3,3140,721,1407.305122494432
769,1,66,24,545,447426,1909,25,2,66,14,4,2241,500,820.965137614679
770,1,61,4,253,46108,1192,18,13,135,23,5,1422,318,182.24505928853756
771,1,8,3,1898,767829,1507,15,3,116,39,8,2177,499,404.5463645943098
772,1,5,3,851,515785,198,30,13,187,20,5,3584,880,606.0928319623972
773,1,53,18,253,543309,1703,25,2,63,13,4,2228,477,2147.4664031620555
774,1,6,0,628,230315,246,17,2,83,30,8,2691,642,366.7436305732484
775,1,5,2,512,289455,371,20,6,125,36,7,2728,604,565.341796875
776,1,15,4,1602,1191795,3519,45,26,71,38,7,3310,733,743.941947565543
777,1,21,15,1236,676098,380,24,2,151,17,4,2864,628,547.004854368932
778,1,27,1,709,446976,2600,10,5,59,17,4,1351,273,630.4315937940762
779,1,33,30,499,2667753,1022,26,1,95,17,5,2693,575,5346.198396793588
780,1,30,4,369,189381,1002,15,2,62,29,8,1954,458,513.2276422764228
781,1,8,6,1097,818588,1245,30,1,211,39,9,2952,747,746.2060164083865
782,1,349,15,160,33780,2179,14,20,81,26,7,1476,323,211.125
783,1,307,15,1793,671650,5014,25,10,152,27,4,2332,464,374.595649749024
784,1,12,11,903,255764,1259,32,11,181,42,12,3201,774,283.23809523809524
785,1,9,0,334,37655,821,12,4,69,35,8,1631,383,112.73952095808384
786,1,4,5,1286,1412112,2352,26,8,66,29,8,1796,401,1098.0653188180404
787,1,269,13,493,117183,2105,20,10,65,26,4,1339,302,237.69371196754565
788,1,6,4,1563,719660,696,20,1,44,29,6,1698,399,460.4350607805502
789,1,3,0,3505,3350436,149,15,2,99,29,7,1659,390,955.9018544935806
790,1,3,1,362,367679,81,25,5,72,15,4,2498,552,1015.6878453038674
791,1,7,6,595,2889478,1975,25,2,67,28,7,2252,500,4856.2655462184875
792,1,3,0,526,318304,465,24,2,41,20,5,2290,524,605.1406844106464
793,1,7,6,875,125165,1597,24,3,62,38,6,2228,512,143.0457142857143
794,1,8,2,548,631395,1516,30,6,158,39,9,2939,716,1152.1806569343066
795,1,3,1,1368,455076,137,25,1,122,21,6,2131,518,332.6578947368421
796,1,12,0,123,55965,954,8,23,85,37,9,2168,477,455.0
797,1,3,1,348,92463,669,6,10,57,22,5,947,224,265.69827586206895
798,1,3,0,914,499288,240,7,3,103,15,4,1987,471,546.2669584245076
799,1,2,2,427,95565,1294,24,2,66,17,4,2892,643,223.8056206088993
800,1,37,8,5151,14957246,18092,26,9,144,25,7,2301,554,2903.755775577558
801,1,85,47,259,94083,3180,69,30,142,18,4,4001,913,363.25482625482624
802,1,18,4,449,631880,1806,25,2,166,15,4,2942,665,1407.305122494432
803,1,4,0,164,47747,357,16,5,107,45,10,2103,445,291.140243902439
804,1,10,2,135,51357,141,8,7,55,22,7,1502,362,380.4222222222222
805,1,1,0,1654,1050194,201,24,2,64,20,6,2285,523,634.9419588875453
806,1,103,113,2091,6140155,7375,40,4,52,23,6,2663,576,2936.4681970349116
807,1,1,0,573,302044,172,9,4,54,21,6,887,212,527.1273996509599
808,1,272,16,409,94245,5194,17,6,61,34,7,1775,376,230.4278728606357
809,1,18,5,1446,981352,2469,26,3,139,24,6,2943,694,678.6666666666666
810,1,9,5,539,269383,935,27,2,59,28,8,2582,610,499.7829313543599
811,1,5,1,208,79289,122,22,2,68,33,10,2113,471,381.19711538461536
812,1,14,18,3897,8491842,7146,87,11,139,48,10,6802,1647,2179.071593533487
813,1,7,5,112,3019,409,5,5,16,38,10,795,176,26.955357142857142
814,1,3,2,1067,1137129,597,57,8,171,29,6,2478,555,1065.7253983130272
815,1,26,9,413,281925,1287,30,2,193,29,8,3025,689,682.6271186440678
816,1,8,3,1193,535011,840,15,12,119,31,8,2011,439,448.45850796311817
817,1,2,4,1654,1050199,201,25,2,72,15,4,2197,514,634.9449818621523
818,1,42,31,1030,1479990,3920,20,2,151,21,6,2674,596,1436.883495145631
819,1,3,0,928,177327,83,27,2,147,21,5,2686,642,191.08512931034485
820,1,13,2,198,206300,365,21,2,79,29,9,2297,537,1041.919191919192
821,1,10,4,702,513953,1137,19,3,64,34,8,2811,641,732.1267806267806
822,1,1,1,494,236426,42,24,2,104,15,4,1949,474,478.5951417004048
823,1,2,4,1362,455034,137,25,2,128,18,4,2405,562,334.09251101321587
824,1,5,2,211,335829,281,30,7,154,38,8,2761,681,1591.60663507109
825,1,3,0,850,482655,94,26,2,126,22,6,2290,554,567.8294117647059
826,1,8,3,309,585430,901,25,3,75,30,9,2020,451,1894.5954692556631
827,1,5,2,433,172390,355,15,3,59,42,8,2309,501,398.1293302540416
828,1,46,0,173,108449,348,12,1,71,27,6,1065,257,626.8728323699422
829,1,2,0,386,841334,538,12,6,74,27,6,1192,266,2179.621761658031
830,1,34,3,634,501968,1200,24,6,65,43,9,2302,549,791.7476340694006
831,1,7,2,430,790462,624,28,10,53,32,9,2822,643,1838.2837209302324
832,1,9,0,483,74418,183,20,2,32,24,6,2206,515,154.07453416149067
833,1,43,1,334,138292,3548,20,3,50,34,9,1758,392,414.0479041916168
834,1,0,0,217,9816,2,10,2,56,19,5,1239,289,45.235023041474655
835,1,4,2,1236,676095,380,26,1,116,15,4,2534,564,547.002427184466
836,1,1,0,413,2064619,1966,37,3,67,18,1,1026,195,4999.077481840193
837,1,12,3,436,63969,440,11,5,68,22,6,1224,280,146.7178899082569
838,1,41,10,325,381098,2361,16,5,175,32,7,2770,672,1172.6092307692309
839,1,46,2,318,144871,1206,17,3,138,37,6,2952,617,455.5691823899371
840,1,1,1,850,482657,94,25,2,118,17,5,2471,590,567.8317647058824
841,1,24,6,391,474177,516,29,5,70,13,4,2408,517,1212.7289002557543
842,1,7,1,1783,4760544,5638,25,2,104,19,5,2413,571,2669.9629837352777
843,1,6,4,1563,719656,696,11,1,36,30,6,1592,366,460.43250159948815
844,1,7,2,852,549017,967,18,2,102,15,4,1866,459,644.3861502347418
845,1,11,1,1015,456768,799,16,3,74,39,8,2595,601,450.0177339901478
846,1,21,9,3324,12149392,6470,28,4,154,26,7,3019,790,3655.05174488568
847,1,8,1,292,33423,324,17,10,119,33,9,2399,524,114.46232876712328
848,1,7,2,1545,214379,852,12,1,31,35,7,1669,373,138.75663430420713
849,1,7,2,1101,818596,1246,30,1,155,42,10,2953,683,743.5022706630336
850,1,43,19,1238,985354,2821,16,12,45,29,6,1567,352,795.9240710823909
851,1,103,19,3172,32182520,21727,32,3,169,14,4,2783,636,10145.813366960909
852,1,5,5,475,364114,600,17,2,81,30,6,2914,659,766.5557894736842
853,1,2,1,338,662278,119,15,3,82,40,10,2706,636,1959.4023668639056
854,1,0,7,390,347231,1302,27,2,47,21,5,2700,628,890.3358974358974
855,1,70,45,1003,3006664,5790,40,6,240,33,9,2986,715,2997.670987038883
856,1,2,0,850,482659,94,24,2,113,16,5,2303,546,567.8341176470589
857,1,5,2,719,702091,205,18,12,177,25,5,2885,684,976.4826147426982
858,1,4,0,415,113728,188,16,3,62,36,7,1972,423,274.0433734939759
859,1,41,1,498,190823,164,19,1,28,30,7,1454,338,383.1787148594378
860,1,15,3,312,23573,519,25,5,138,24,6,2429,576,75.55448717948718
861,1,1,0,1654,1050194,201,23,2,65,27,7,2050,481,634.9419588875453
862,1,8,1,205,120665,366,22,5,93,43,9,3234,729,588.609756097561
863,1,1,1,1368,455070,137,28,2,110,22,6,2668,631,332.6535087719298
864,1,9,0,330,105213,2131,15,18,110,45,11,2509,573,318.8272727272727
865,1,0,1,837,653400,141,11,4,41,29,8,719,166,780.6451612903226
866,1,6,2,4177,11699658,2717,50,12,210,25,7,4720,1064,2800.971510653579
867,1,1,0,273,41035,363,11,3,29,27,6,1507,365,150.3113553113553
868,1,3,2,310,226630,650,31,2,92,23,7,2698,602,731.0645161290323
869,1,4,0,849,482651,94,22,2,100,17,5,1974,473,568.4935217903416
870,0,4,4,455,330376,430,7,8,48,53,10,722,151,726.1010989010989
871,1,14,3,549,138273,592,12,12,48,46,12,1004,227,251.86338797814207
872,1,4,1,1246,246606,522,16,3,46,33,7,1342,311,197.91813804173356
873,1,8,4,287,128412,660,31,10,203,40,9,3123,718,447.42857142857144
874,1,14,2,1015,456768,799,24,3,101,41,11,2907,662,450.0177339901478
875,1,9,0,849,482651,94,23,2,101,20,5,1815,429,568.4935217903416
876,1,12,6,5213,33933262,8637,23,12,108,29,7,2974,689,6509.353922885095
877,1,18,8,1064,1074170,1715,10,3,61,23,6,1447,347,1009.5582706766916
878,1,8,2,211,335830,281,20,4,88,31,5,2198,488,1591.6113744075828
879,1,2,2,914,499275,240,23,2,184,16,5,2880,676,546.2527352297593
880,1,9,2,164,439080,140,25,4,95,26,8,2170,488,2677.317073170732
881,1,7,4,180,6411,466,8,2,22,26,5,965,235,35.61666666666667
882,1,47,31,5189,19589926,19037,30,5,139,31,8,2318,528,3775.27962998651
883,1,6,4,256,1202648,746,26,2,122,21,5,2753,688,4697.84375
884,1,9,3,843,482639,94,24,2,112,18,5,2548,611,572.5255041518386
885,1,7,2,4138,1242184,2241,25,2,116,22,6,2007,443,300.1894635089415
886,1,73,17,1785,9308404,15258,35,13,81,34,8,4478,1039,5214.792156862745
887,1,1,1,216,298947,44,25,2,76,18,5,3027,762,1384.013888888889
888,1,2,0,1368,455068,137,25,2,123,14,4,2308,549,332.65204678362574
889,1,10,1,427,176494,3144,21,4,77,17,4,2783,669,413.3348946135831
890,1,51,28,301,116555,1509,17,3,82,33,5,2738,590,387.22591362126246
891,1,28,24,2985,38231717,13356,40,15,173,43,8,3668,880,12807.94539363484
892,1,26,8,1245,2536241,4139,53,15,165,38,7,2683,613,2037.1413654618475
893,1,5,0,799,315989,699,24,2,160,16,5,2883,653,395.48060075093866
894,1,10,1,991,299899,3634,11,2,42,26,6,746,156,302.6226034308779
895,1,7,0,282,221101,316,14,4,55,24,4,1842,396,784.0460992907801
896,1,8,2,487,226985,957,22,3,96,34,7,2935,678,466.088295687885
897,1,7,4,87,98352,182,25,4,66,13,4,2052,472,1130.4827586206898
898,1,2,1,685,714407,728,26,2,42,17,4,2618,583,1042.9299270072993
899,1,9,1,373,104698,524,20,5,81,23,6,2767,588,280.6916890080429
900,1,22,29,1840,1391041,1776,18,9,87,25,7,1362,325,756.0005434782609
901,1,26,15,3325,12149406,6470,45,6,170,38,11,3459,889,3653.956691729323
902,1,29,0,351,35727,3,31,3,133,17,3,2864,701,101.78632478632478
903,1,53,19,1170,485199,4591,25,2,124,22,5,2975,700,414.7
904,1,5,0,426,115584,206,10,3,49,36,7,2149,480,271.32394366197184
905,1,5,1,727,227233,248,37,2,88,33,9,2640,607,312.5625859697387
906,1,6,0,285,29081,179,7,7,59,13,3,969,224,102.03859649122808
907,1,6,0,470,83876,527,17,4,56,12,2,1266,272,178.4595744680851
908,1,3,0,1365,576084,327,26,3,65,35,10,2256,513,422.0395604395604
909,1,30,15,897,911142,4486,18,3,145,31,6,2714,612,1015.7658862876254
910,1,2,0,235,9689,110,8,8,55,20,4,1007,232,41.229787234042554
911,1,14,2,449,631880,1806,25,2,136,18,5,2191,498,1407.305122494432
912,1,19,3,1814,1410883,3307,27,2,43,20,6,2584,578,777.7745314222713
913,1,5,1,1161,1822232,1688,17,6,125,19,3,2719,596,1569.5366063738156
914,1,5,1,687,714408,728,33,2,51,22,6,3485,825,1039.8951965065503
915,1,0,1,1364,455061,137,26,2,120,22,5,2183,509,333.6224340175953
916,1,5,5,386,197484,563,25,2,93,13,3,2560,590,511.6165803108808
917,1,5,2,1441,353396,182,26,4,83,26,8,2599,600,245.24358084663427
918,1,15,4,136,2512,493,5,5,18,40,9,838,188,18.470588235294116
919,1,0,1,955,15605042,4810,30,6,71,28,7,2939,721,16340.358115183246
920,1,20,5,784,1692941,3019,30,9,186,38,8,2773,661,2159.3635204081634
921,1,10,11,2060,2027420,1187,51,10,265,36,10,3666,778,984.1844660194176
922,1,506,32,1728,6568758,16759,35,8,170,47,12,3123,699,3801.3645833333335
923,1,7,0,404,90860,886,20,8,73,22,6,2680,631,224.9009900990099
924,1,0,1,246,2073316,77,5,5,78,19,4,1313,327,8428.113821138211
925,1,1,1,2383,2871894,753,9,1,52,28,6,2669,627,1205.1590432228284
926,1,4,0,157,21404,7,10,1,36,24,5,1642,394,136.3312101910828
927,1,2,0,849,482653,94,27,2,112,16,5,2066,499,568.4958775029446
928,1,1,0,216,298947,44,25,2,54,20,4,2845,704,1384.013888888889
929,1,10,3,990,304101,934,17,10,58,30,9,2291,521,307.1727272727273
930,1,83,6,600,1472105,2388,15,29,96,30,7,3319,730,2453.508333333333
931,1,2,2,1349,481221,1520,37,10,231,44,10,3303,778,356.72424017790956
932,1,3,0,778,199086,246,20,1,39,29,7,1655,376,255.89460154241644
933,1,42,13,713,2163362,4503,29,7,198,32,8,2952,705,3034.1683029453015
934,1,36,6,1171,485208,4591,25,2,100,18,5,2450,581,414.3535439795047
935,1,35,17,546,1129490,3239,27,2,68,17,4,2105,434,2068.6630036630036
936,1,56,7,2415,4452976,7577,19,6,123,26,6,2308,505,1843.8824016563144
937,1,47,10,4500,22555923,19777,35,12,58,46,11,3887,846,5012.427333333333
938,1,21,3,1804,9203861,21727,20,3,123,38,8,2594,577,5101.918514412417
939,1,11,6,702,513952,1137,17,3,49,37,8,2234,484,732.1253561253561
940,1,2,6,3505,3350412,149,19,1,110,31,7,2090,472,955.8950071326676
941,1,5,4,174,49162,114,17,3,98,25,5,1973,448,282.5402298850575
942,1,4,0,2611,439421,1381,22,4,118,32,9,2293,510,168.29605515128304
943,1,30,20,2980,6771267,8084,31,4,42,22,6,2597,602,2272.2372483221475
944,1,13,0,1827,301266,809,12,5,150,25,6,3000,703,164.89655172413794
945,1,62,23,1169,485196,4591,25,2,108,21,6,2586,620,415.05218135158253
946,1,5,4,321,1979726,153,13,5,62,24,6,1314,314,6167.370716510904
947,1,5,1,1545,214382,852,27,1,37,25,5,1758,389,138.75857605177993
948,1,109,47,311,1055968,5051,18,11,121,15,5,2215,513,3395.395498392283
949,1,2,0,336,581696,854,31,11,190,46,14,2736,678,1731.2380952380952
950,1,3,0,205,34691,317,8,1,20,22,5,1569,365,169.22439024390243
951,1,2,1,151,110154,46,26,2,67,30,7,2316,524,729.4966887417219
952,1,4,0,343,93010,499,10,2,34,29,6,1379,293,271.1661807580175
953,1,43,9,2697,6706001,7639,32,19,97,43,9,2597,569,2486.466814979607
954,1,7,5,152,39253,438,25,9,112,35,5,1686,394,258.24342105263156
955,1,1,0,850,482665,94,22,1,119,22,5,2392,563,567.8411764705883
956,1,4,0,139,11865,172,8,22,47,28,4,691,139,85.35971223021583
957,1,17,5,3392,11546958,5906,32,8,109,23,6,2453,569,3404.173938679245
958,1,3,1,467,2143025,1656,25,1,68,19,5,2263,510,4588.918629550321
959,1,4,1,575,302044,172,7,20,50,25,6,867,201,525.2939130434783
960,1,4,5,1941,181797,1471,17,2,54,27,5,2700,649,93.66151468315302
961,1,5,9,471,265474,294,24,2,177,29,8,2814,683,563.6390658174098
962,1,3,1,799,315988,699,26,2,99,19,5,2252,522,395.4793491864831
